"","Treatment","meanCP","ngDNA","CopyNumber","LogCopyNumber"
"1","301",17.54,0.04591,349814917,8.46866
"2","302",21.0933333333333,0.05334,233521073,7.46912
"3","303",25.5266666666667,0.0626,88426503,6.22205
"4","304",28.9933333333333,0.06985,-25030906,5.2469
"5","305",32.1766666666667,0.0765,-129215353,4.35145
