"","Treatment","meanCP","ngDNA","CopyNumber","LogCopyNumber"
"1","Blue1",22.9333333333333,0.00443,39079013,7.67339
"2","Blue2",26.6,0.00497,22969629,6.64381
"3","Blue3",30.08,0.00547,7680358,5.66665
"4","Blue4",32.7533333333333,0.00586,-4064848,4.916
