"","Treatment","meanCP","ngDNA","CopyNumber"
"1","301-1-15",25.2266666666667,0.05957,197645184
"2","301-1-27",25.9566666666667,0.06102,181212444
"3","301-1-28",26.5833333333333,0.06227,167105800
"4","301-1-33",25.3633333333333,0.05984,194568735
"5","301-1-35",26.37,0.06185,171908062
"6","301-1-38",25.6233333333333,0.06036,188715979
"7","301-1-39",25.8566666666667,0.06083,183463505
"8","301-1-40",26.8566666666667,0.06282,160952902
"9","301-1-43",26.22,0.06155,175284652
